OBJECTID,OFFENSE TYPE
2972,Drug
21887,Weapon
6562,Weapon
1740,Sex
22315,Property
429,Violent
19782,Other
1481,Sex
759,Property
23249,Drug
24426,Violent
18840,Property
18096,Violent
21390,Violent
19489,Drug
17717,Violent
22171,Drug
20570,Drug
21399,Drug
11188,Violent
18640,Drug
554,Violent
13385,Property
7330,Drug
19351,Drug
13803,Violent
3789,Violent
9758,Homicide
12142,Violent
16897,Drug
2540,Violent
20258,Drug
19191,Drug
15711,Weapon
16325,Violent
20023,Weapon
20970,Violent
4471,Weapon
3143,Property
9745,Property
18114,Drug
20572,Violent
20863,Violent
16639,Violent
532,Violent
12341,Violent
7509,Other
3442,Violent
14716,Property
1895,Drug
10515,Drug
21608,Homicide
9767,Drug
7988,Drug
13597,Weapon
7866,Violent
15813,Drug
16125,Drug
3098,Drug
13367,Violent
22704,Violent
16739,Weapon
13791,Weapon
2237,Violent
11887,Weapon
579,Homicide
13051,Drug
11845,Other
5610,Violent
17125,Drug
9847,Homicide
4953,Drug
16053,Weapon
23164,Drug
9288,Other
7620,Other
20201,Drug
22175,Weapon
8249,Violent
16648,Drug
16628,Violent
16171,Weapon
6574,Drug
19582,Violent
10967,Weapon
11006,Violent
4240,Drug
9655,Weapon
2854,Homicide
14571,Drug
10975,Drug
10418,Violent
14167,Weapon
3133,Homicide
17073,Weapon
941,Sex
12555,Property
21254,Weapon
11784,Violent
18637,Drug
21631,Drug
2981,Sex
13528,Violent
4237,Violent
21117,Violent
19240,Weapon
20473,Drug
19176,Drug
24248,Other
19833,Drug
11987,Weapon
5126,Weapon
11961,Drug
17926,Property
8541,Violent
20456,Violent
7539,Drug
9280,Weapon
12123,Property
19516,Other
8445,Property
17199,Violent
18585,Weapon
10838,Property
21082,Weapon
23562,Weapon
1088,Drug
13923,Other
20755,Other
18330,Violent
22475,Drug
8233,Violent
2579,Homicide
13789,Drug
17537,Violent
1449,Weapon
13210,Violent
2641,Weapon
14237,Property
21358,Violent
1082,Drug
18662,Homicide
22540,Weapon
16357,Drug
24175,Weapon
9096,Violent
22861,Drug
21174,Drug
1573,Other
1241,Weapon
2186,Homicide
10735,Violent
5875,Violent
21641,Other
15262,Property
18957,Other
3728,Violent
397,Violent
1165,Violent
729,Property
21952,Violent
5762,Sex
20528,Drug
21295,Weapon
283,Violent
22268,Drug
14703,Sex
5247,Weapon
6971,Weapon
3697,Weapon
18489,Weapon
20551,Drug
3369,Drug
4964,Violent
3079,Violent
24601,Weapon
1071,Weapon
521,Property
20136,Property
24393,Violent
627,Drug
13228,Property
12385,Other
17123,Drug
7697,Weapon
9036,Other
13276,Other
10235,Drug
11182,Violent
9045,Weapon
22093,Violent
23001,Drug
16008,Drug
14927,Weapon
789,Property
10230,Property
12247,Property
24642,Other
14030,Drug
2547,Drug
320,Drug
3092,Drug
7689,Weapon
20892,Drug
4330,Property
6908,Sex
12541,Violent
1628,Weapon
11652,Property
18470,Weapon
1881,Violent
15105,Violent
9233,Drug
7937,Drug
12524,Drug
8441,Violent
12384,Drug
228,Weapon
14475,Violent
7104,Drug
12808,Sex
14875,Violent
17374,Violent
6731,Sex
646,Weapon
6274,Weapon
7680,Weapon
2954,Weapon
3986,Property
14699,Homicide
17478,Drug
6009,Drug
4650,Violent
5400,Property
7892,Property
31,Other
4746,Property
5843,Drug
16968,Drug
5365,Weapon
20937,Violent
20977,Violent
13488,Drug
6101,Violent
9011,Violent
22992,Drug
6632,Violent
19852,Sex
12718,Other
19704,Drug
6526,Drug
13656,Weapon
14937,Violent
12089,Violent
16754,Drug
13685,Weapon
12058,Drug
17472,Drug
18478,Weapon
11315,Violent
9645,Property
3062,Other
9685,Weapon
12662,Violent
24624,Drug
22468,Drug
11996,Drug
13911,Violent
14433,Homicide
10097,Violent
21084,Property
15972,Drug
20639,Weapon
24140,Property
5653,Other
22755,Drug
14522,Violent
5806,Drug
12924,Violent
21360,Weapon
14514,Violent
20482,Property
6128,Violent
17559,Drug
24482,Drug
17976,Violent
2367,Violent
22234,Property
22160,Violent
13248,Other
16421,Drug
13460,Drug
15720,Drug
9008,Sex
5373,Violent
20592,Violent
12162,Violent
21173,Drug
8498,Drug
5306,Weapon
13838,Weapon
5011,Homicide
10531,Property
3690,Weapon
8640,Weapon
19337,Drug
148,Violent
15604,Violent
20156,Drug
23620,Violent
17161,Drug
4850,Violent
11523,Violent
9792,Violent
1220,Property
11330,Violent
15903,Weapon
15517,Violent
1986,Weapon
13388,Violent
5241,Other
8982,Weapon
16577,Drug
928,Violent
5523,Violent
24160,Violent
17346,Weapon
16944,Sex
1846,Weapon
10808,Violent
4899,Property
8932,Property
14557,Drug
18607,Drug
14007,Other
20418,Drug
13218,Drug
15482,Other
23430,Drug
2882,Weapon
7127,Violent
17920,Drug
5405,Violent
2471,Property
8572,Other
8084,Drug
7667,Property
11045,Violent
2215,Violent
24417,Drug
6313,Violent
24396,Drug
14397,Weapon
14245,Property
9312,Violent
4576,Violent
19548,Drug
13834,Weapon
19462,Sex
903,Weapon
3189,Violent
13084,Drug
205,Sex
16072,Property
1860,Violent
6042,Drug
17448,Drug
13158,Homicide
21167,Violent
18453,Weapon
21221,Weapon
23077,Weapon
6806,Homicide
4415,Other
23554,Violent
21769,Drug
19513,Violent
15980,Property
3088,Weapon
13699,Weapon
17190,Property
23475,Weapon
122,Violent
4392,Weapon
15789,Property
21335,Drug
14177,Weapon
7097,Property
7652,Weapon
20966,Drug
17429,Violent
3356,Weapon
18045,Weapon
6642,Violent
2451,Homicide
10298,Violent
24253,Weapon
14165,Weapon
21912,Drug
5255,Weapon
803,Drug
18431,Drug
18198,Property
10036,Violent
11931,Drug
16220,Drug
20943,Violent
19457,Property
3677,Other
17202,Violent
14210,Violent
14817,Weapon
5576,Drug
20836,Other
13677,Other
6299,Violent
3047,Weapon
5871,Violent
12933,Weapon
12215,Weapon
23563,Weapon
21280,Drug
21909,Drug
21420,Weapon
1065,Weapon
9667,Drug
21993,Violent
10058,Sex
1997,Drug
24050,Other
3190,Violent
3750,Drug
22454,Weapon
19813,Property
11390,Weapon
14217,Other
9464,Violent
12778,Drug
17375,Weapon
7812,Violent
16679,Other
5091,Weapon
20705,Violent
11811,Drug
19424,Violent
15279,Property
20511,Weapon
14154,Weapon
18788,Violent
11720,Property
19726,Drug
156,Homicide
12269,Violent
17508,Violent
21235,Violent
9595,Violent
22536,Weapon
11180,Violent
21243,Violent
10068,Violent
839,Weapon
23712,Drug
23474,Other
21603,Other
18474,Violent
8894,Drug
17767,Violent
6272,Drug
19172,Violent
14601,Other
13962,Weapon
14778,Drug
2860,Drug
24477,Drug
14062,Violent
13289,Other
11091,Violent
11668,Violent
8614,Property
20969,Violent
20371,Other
3488,Weapon
20166,Weapon
13930,Homicide
16191,Property
5496,Other
4631,Weapon
7381,Homicide
15827,Violent
16282,Property
4290,Property
20129,Property
23388,Drug
24577,Drug
11278,Drug
2626,Weapon
10486,Weapon
1359,Sex
22787,Drug
3853,Weapon
1063,Other
3430,Weapon
316,Drug
14416,Homicide
9732,Violent
5730,Other
20974,Drug
20982,Weapon
21653,Weapon
19792,Weapon
4821,Violent
11808,Violent
20536,Violent
24529,Weapon
7228,Weapon
23943,Drug
6877,Violent
12192,Drug
13549,Property
16134,Violent
9477,Weapon
17646,Violent
16069,Violent
19106,Other
18850,Drug
7653,Violent
3006,Drug
8781,Violent
18656,Drug
23624,Weapon
22097,Weapon
20238,Homicide
13544,Weapon
15051,Violent
22014,Drug
14660,Violent
12116,Other
6557,Property
7072,Drug
1247,Weapon
5696,Weapon
10369,Drug
688,Violent
8440,Property
192,Violent
4465,Violent
9819,Violent
3254,Other
14201,Violent
7746,Weapon
6934,Drug
4321,Property
11889,Weapon
10347,Violent
22911,Other
24036,Weapon
19576,Drug
19325,Violent
16959,Violent
219,Violent
10543,Drug
14474,Violent
9840,Drug
10879,Weapon
19333,Weapon
14966,Property
12345,Property
23032,Drug
21978,Drug
7925,Drug
5564,Sex
3929,Drug
6205,Violent
18310,Homicide
20527,Drug
16208,Drug
17523,Violent
7867,Weapon
10073,Violent
6103,Property
8469,Violent
7960,Property
13371,Homicide
15024,Property
22929,Weapon
20487,Other
5333,Drug
18624,Drug
19066,Violent
19104,Drug
7205,Other
5133,Weapon
18861,Violent
20221,Other
11245,Violent
24364,Drug
23717,Violent
5714,Violent
16478,Violent
15542,Other
1910,Drug
4911,Sex
7200,Violent
6660,Violent
18284,Other
858,Violent
2010,Other
10168,Violent
17023,Other
11501,Drug
21599,Weapon
9631,Violent
2374,Violent
9296,Other
9747,Violent
18681,Violent
12483,Property
3775,Weapon
371,Drug
6471,Drug
10845,Drug
9704,Weapon
7165,Weapon
10130,Violent
15041,Drug
18872,Drug
8430,Sex
20951,Weapon
9603,Violent
12837,Drug
5017,Drug
19773,Other
22765,Drug
17026,Drug
8147,Violent
1421,Violent
5479,Drug
207,Weapon
21394,Weapon
11239,Weapon
1487,Violent
7982,Weapon
5808,Violent
22117,Drug
6709,Violent
14681,Drug
18761,Property
18749,Violent
20266,Drug
18297,Drug
16931,Property
327,Drug
13895,Violent
2665,Weapon
4487,Other
16090,Drug
21778,Violent
23486,Drug
22708,Violent
17711,Drug
13194,Drug
15381,Violent
3727,Violent
17248,Drug
15824,Property
20097,Violent
12543,Property
3661,Violent
24156,Violent
22736,Other
10437,Violent
10196,Violent
11138,Violent
13878,Violent
19165,Violent
16381,Violent
12393,Violent
14700,Sex
12833,Other
12990,Other
18322,Drug
6697,Drug
5224,Drug
2852,Violent
13767,Weapon
20870,Drug
9070,Drug
19629,Violent
10963,Weapon
10809,Property
5153,Violent
17830,Weapon
5955,Property
4308,Drug
21326,Violent
2840,Weapon
13967,Weapon
12824,Sex
23995,Drug
21791,Drug
5570,Drug
4057,Violent
7668,Weapon
22251,Sex
2664,Weapon
6552,Violent
4999,Violent
15159,Drug
16269,Property
2901,Property
4214,Drug
7904,Weapon
23015,Violent
18930,Other
3222,Drug
11624,Weapon
23220,Drug
826,Homicide
20403,Weapon
16884,Homicide
17137,Violent
24138,Violent
16758,Weapon
6734,Violent
4875,Violent
6489,Weapon
5976,Weapon
6910,Violent
19562,Property
23449,Violent
6436,Sex
2082,Violent
20430,Violent
544,Weapon
11468,Violent
17780,Property
12883,Weapon
11881,Weapon
5770,Property
19952,Property
19131,Property
14011,Violent
15338,Violent
7039,Drug
7664,Other
21067,Drug
2649,Sex
10550,Violent
2839,Violent
15676,Property
14455,Drug
2587,Violent
11079,Violent
13475,Weapon
7981,Violent
14939,Drug
7376,Weapon
18905,Drug
5290,Weapon
19988,Drug
7273,Violent
14432,Violent
22933,Violent
19925,Weapon
18742,Drug
7011,Violent
15208,Violent
9809,Violent
8691,Violent
21863,Weapon
22422,Property
1804,Violent
6586,Drug
6931,Other
15057,Weapon
2221,Drug
2385,Drug
2517,Drug
20745,Violent
8702,Violent
8165,Weapon
11093,Violent
6813,Homicide
7424,Other
22256,Drug
842,Drug
2767,Other
11593,Sex
17237,Drug
5624,Drug
21368,Property
13258,Violent
5526,Violent
1524,Weapon
23924,Drug
21674,Drug
7608,Violent
11046,Weapon
4152,Weapon
16668,Drug
21310,Violent
10459,Sex
16588,Weapon
5038,Drug
5209,Violent
6494,Drug
5007,Property
4451,Drug
13123,Property
8107,Homicide
21924,Other
12577,Homicide
21293,Drug
12295,Other
1681,Weapon
21361,Violent
14470,Property
20227,Drug
3848,Weapon
14801,Weapon
8822,Property
419,Weapon
2646,Weapon
18970,Violent
2763,Violent
14248,Weapon
2099,Other
13321,Property
7920,Property
4921,Sex
13227,Violent
6116,Weapon
19175,Drug
2961,Weapon
22854,Violent
1073,Property
11469,Weapon
15861,Drug
8113,Homicide
3139,Violent
22386,Violent
14208,Sex
23568,Weapon
12626,Violent
7679,Violent
11982,Violent
10270,Violent
18140,Drug
6318,Drug
9069,Other
536,Violent
5869,Drug
5325,Drug
20640,Weapon
24549,Violent
7052,Drug
20276,Weapon
9807,Sex
23330,Property
11059,Violent
9383,Weapon
11309,Violent
4700,Violent
23183,Other
21817,Drug
16267,Violent
11654,Violent
21747,Weapon
16003,Weapon
12724,Weapon
21088,Drug
21950,Other
5,Homicide
6051,Weapon
4500,Weapon
13033,Homicide
5172,Other
16842,Homicide
19511,Other
3845,Drug
22868,Drug
17453,Drug
2592,Homicide
24455,Violent
5116,Violent
5608,Drug
19013,Drug
13986,Weapon
3913,Weapon
4594,Drug
21966,Drug
13815,Violent
10327,Violent
11362,Weapon
24238,Violent
14494,Drug
2995,Drug
24173,Drug
2536,Drug
12441,Homicide
11866,Violent
8437,Weapon
21182,Violent
7792,Property
6355,Violent
21695,Other
8552,Violent
11817,Other
2534,Property
10709,Violent
9451,Violent
18841,Violent
16883,Drug
22505,Weapon
2956,Weapon
4605,Violent
20354,Property
19844,Weapon
3377,Violent
4101,Violent
10685,Property
18556,Other
15776,Weapon
8808,Drug
9189,Other
12151,Other
9148,Weapon
12535,Violent
5187,Violent
23713,Drug
18722,Drug
6484,Other
21465,Drug
21771,Violent
8719,Violent
22447,Drug
21825,Violent
14582,Violent
6534,Other
18789,Weapon
4242,Property
9434,Homicide
5706,Violent
7434,Other
7126,Property
16964,Violent
20234,Weapon
16991,Other
16618,Violent
19904,Weapon
12800,Violent
4923,Sex
20828,Drug
9118,Violent
11506,Other
5251,Drug
12836,Other
8355,Weapon
5276,Weapon
9571,Violent
14992,Drug
1696,Weapon
20046,Weapon
17273,Violent
5990,Drug
9718,Violent
10460,Violent
6001,Drug
7442,Drug
22462,Violent
22142,Drug
13814,Weapon
17788,Violent
3698,Violent
4216,Weapon
11800,Weapon
20470,Drug
9042,Violent
17029,Property
6323,Drug
20730,Sex
2479,Violent
23748,Other
20126,Drug
12283,Violent
14684,Weapon
16663,Sex
2491,Homicide
19519,Other
6758,Violent
15606,Property
21846,Violent
16463,Weapon
4098,Weapon
707,Violent
1058,Violent
6969,Weapon
17551,Drug
2775,Drug
14019,Other
9311,Weapon
21649,Weapon
11891,Violent
5856,Violent
19987,Drug
8849,Sex
162,Other
18158,Drug
17901,Weapon
13402,Violent
9061,Violent
12584,Violent
10558,Drug
21932,Property
22041,Violent
22334,Drug
8630,Weapon
3875,Weapon
2489,Homicide
23073,Other
4422,Violent
15511,Property
16251,Drug
6331,Drug
20972,Weapon
16465,Weapon
4314,Drug
4709,Property
7834,Violent
22535,Drug
7959,Other
16047,Weapon
8179,Weapon
636,Violent
9010,Drug
21283,Drug
11166,Violent
6998,Drug
16166,Drug
15301,Weapon
1720,Other
23589,Violent
8709,Weapon
12424,Violent
10602,Other
3821,Sex
4633,Weapon
22966,Drug
21534,Violent
22615,Drug
23573,Violent
14747,Property
17806,Violent
4248,Sex
23706,Drug
4232,Weapon
8813,Property
20096,Weapon
7710,Violent
8324,Drug
11238,Violent
17249,Drug
16730,Drug
17456,Drug
23219,Drug
23667,Drug
16476,Property
24466,Property
3327,Violent
17011,Weapon
1658,Other
7726,Other
14929,Weapon
3041,Weapon
1837,Drug
4275,Weapon
1913,Violent
13613,Property
3961,Sex
3692,Property
16718,Drug
4533,Drug
24027,Drug
17501,Drug
24459,Drug
22963,Weapon
15098,Other
20842,Drug
22330,Drug
16102,Homicide
2915,Weapon
19740,Weapon
17802,Violent
4119,Weapon
22376,Weapon
3691,Violent
12872,Violent
2816,Weapon
1674,Violent
10675,Other
1919,Weapon
19969,Violent
10478,Violent
306,Weapon
20775,Weapon
17370,Other
16388,Drug
3216,Drug
22444,Weapon
14161,Weapon
9938,Weapon
15081,Drug
22947,Drug
16402,Violent
16211,Property
2980,Property
5056,Other
8476,Weapon
21008,Other
3782,Other
6495,Property
14819,Other
21294,Drug
2490,Homicide
15150,Weapon
12289,Violent
15629,Violent
17630,Violent
9248,Sex
14718,Weapon
24542,Violent
18369,Weapon
20288,Property
2252,Weapon
1470,Weapon
11827,Violent
1512,Violent
17757,Drug
1660,Drug
525,Violent
9490,Violent
9181,Property
13268,Property
11594,Violent
18286,Drug
12305,Property
7860,Drug
19416,Drug
2521,Violent
7669,Property
7243,Drug
5086,Violent
7092,Homicide
16792,Drug
1594,Weapon
1227,Sex
12085,Violent
17179,Violent
3660,Violent
23857,Drug
14310,Drug
16286,Property
8480,Violent
9217,Homicide
14233,Violent
11544,Property
11632,Violent
12043,Sex
23613,Violent
5376,Weapon
21325,Other
24585,Drug
13777,Weapon
23733,Drug
14066,Violent
22467,Sex
5671,Violent
22858,Weapon
3713,Violent
24229,Drug
12492,Property
19496,Violent
17846,Weapon
17100,Drug
5159,Violent
20465,Drug
2378,Violent
22148,Weapon
2136,Weapon
21128,Violent
10357,Property
22264,Sex
11615,Drug
8317,Violent
8494,Property
5437,Violent
10905,Weapon
20566,Drug
23928,Drug
7315,Weapon
19112,Drug
19005,Drug
13273,Weapon
4135,Other
14298,Drug
13658,Drug
9836,Drug
17124,Drug
15138,Property
24557,Other
12380,Violent
8029,Weapon
22411,Weapon
24509,Weapon
14359,Drug
12519,Weapon
10998,Other
23329,Drug
89,Violent
12647,Violent
21190,Property
14989,Drug
24429,Violent
2048,Weapon
2597,Weapon
16331,Drug
22057,Violent
21430,Violent
14952,Other
9139,Property
17829,Violent
12612,Property
23201,Drug
18581,Violent
16376,Violent
19230,Other
18384,Violent
5776,Violent
15790,Violent
3830,Drug
14171,Weapon
19174,Other
15354,Other
20986,Drug
3815,Property
347,Other
24496,Violent
16646,Other
19328,Drug
22503,Property
9018,Violent
11629,Violent
24207,Violent
6566,Drug
886,Weapon
18064,Violent
23034,Drug
10200,Property
11504,Weapon
833,Violent
14434,Violent
13894,Weapon
2304,Violent
1604,Property
16061,Drug
21529,Drug
16272,Violent
14988,Sex
20931,Drug
14657,Violent
19937,Weapon
16849,Weapon
14520,Violent
9591,Property
10674,Violent
9659,Drug
2645,Violent
17008,Drug
19282,Violent
4561,Violent
9554,Property
719,Violent
23379,Property
1228,Violent
21408,Drug
3024,Weapon
8918,Weapon
12185,Drug
2743,Violent
12530,Violent
20816,Drug
1884,Weapon
8611,Violent
3956,Violent
108,Property
3274,Weapon
19805,Homicide
2959,Other
20304,Violent
13788,Violent
24041,Weapon
1061,Weapon
1103,Other
11746,Drug
22314,Property
1463,Weapon
1563,Drug
14832,Weapon
6617,Weapon
11464,Violent
14813,Drug
20192,Drug
12654,Violent
10229,Drug
629,Drug
474,Drug
14380,Violent
22395,Drug
15356,Other
18823,Drug
23631,Drug
21928,Drug
13317,Violent
19722,Property
13536,Weapon
2022,Sex
22351,Violent
409,Property
10908,Other
24647,Violent
4520,Weapon
15359,Drug
18168,Drug
3934,Violent
12068,Drug
3448,Violent
2146,Weapon
22714,Weapon
6547,Other
6135,Violent
10569,Other
22788,Drug
12365,Other
7579,Drug
21676,Weapon
12702,Property
23716,Drug
23692,Weapon
14864,Sex
4760,Weapon
5025,Other
13270,Drug
736,Drug
11975,Violent
12267,Violent
11573,Violent
1422,Drug
9746,Drug
14823,Drug
537,Violent
24385,Drug
16322,Weapon
10021,Other
8581,Weapon
10915,Other
17950,Weapon
1542,Weapon
8810,Property
10014,Violent
12344,Other
17435,Weapon
2888,Weapon
22081,Drug
7105,Violent
14389,Drug
338,Other
5022,Property
14247,Drug
14246,Other
9438,Homicide
2140,Violent
18383,Weapon
16637,Property
3506,Weapon
12103,Drug
14346,Property
15101,Sex
15779,Violent
9306,Other
2966,Violent
7298,Drug
2293,Violent
2017,Violent
17220,Property
9257,Property
10308,Violent
1754,Violent
2134,Violent
1023,Homicide
7541,Other
4768,Drug
16651,Violent
17524,Violent
22502,Property
7146,Drug
11695,Drug
20331,Drug
16947,Violent
3616,Violent
19658,Weapon
17142,Violent
9014,Weapon
16604,Property
19431,Weapon
14426,Violent
7644,Violent
16001,Drug
22029,Violent
23337,Violent
15452,Drug
6024,Violent
5775,Weapon
7021,Violent
15787,Drug
9486,Other
13499,Drug
3774,Violent
20516,Weapon
6871,Property
8690,Violent
19101,Violent
20255,Homicide
23980,Sex
21904,Property
11417,Violent
21910,Other
23193,Drug
24309,Weapon
21178,Drug
24526,Drug
14663,Other
20340,Drug
17962,Violent
785,Homicide
19210,Property
15855,Drug
14622,Violent
6277,Violent
2798,Violent
15911,Property
613,Violent
8423,Weapon
15745,Drug
11128,Property
820,Weapon
8717,Weapon
14947,Weapon
18829,Weapon
2461,Weapon
4252,Violent
17742,Drug
5916,Property
22410,Weapon
14048,Property
17989,Drug
1079,Violent
10629,Drug
23146,Drug
14335,Property
12367,Property
14012,Other
10496,Drug
11597,Violent
11877,Violent
12098,Weapon
23584,Sex
3908,Sex
16366,Violent
8295,Violent
11075,Weapon
17728,Weapon
4349,Weapon
10004,Other
17004,Homicide
3988,Drug
3993,Drug
16425,Violent
8092,Violent
19164,Weapon
3977,Violent
8273,Weapon
2933,Weapon
11199,Violent
21949,Violent
15275,Property
12178,Property
19000,Drug
257,Weapon
11758,Weapon
9283,Violent
16919,Sex
5096,Weapon
212,Weapon
7287,Weapon
22290,Drug
13150,Homicide
2807,Weapon
16585,Other
21507,Property
14559,Drug
4480,Weapon
20632,Violent
12828,Property
19311,Drug
15973,Drug
2292,Violent
20424,Drug
20447,Drug
19122,Drug
2053,Violent
7408,Property
15028,Weapon
6014,Drug
8053,Sex
18051,Property
3102,Other
12419,Drug
24361,Weapon
13875,Property
2090,Violent
24468,Drug
18805,Violent
9140,Violent
23740,Weapon
14179,Weapon
3785,Weapon
971,Homicide
11087,Weapon
14884,Other
23166,Other
1154,Homicide
16054,Violent
2636,Other
3884,Weapon
9488,Other
11454,Other
14125,Violent
22642,Drug
16742,Violent
11522,Weapon
8209,Weapon
18817,Drug
20942,Weapon
12205,Drug
5310,Violent
4780,Weapon
8530,Violent
2172,Drug
8479,Drug
12565,Drug
1007,Other
19855,Sex
8845,Violent
3233,Weapon
10605,Homicide
4615,Violent
5810,Violent
14831,Violent
12699,Property
9987,Other
20148,Violent
2219,Violent
15507,Violent
21879,Violent
4134,Drug
23202,Drug
14322,Violent
20561,Weapon
17022,Violent
17382,Violent
20898,Drug
18252,Violent
589,Weapon
7815,Violent
17947,Drug
5724,Property
19299,Violent
18254,Drug
3063,Violent
19317,Violent
6311,Other
14371,Violent
10704,Drug
12245,Violent
8186,Drug
3622,Weapon
20058,Sex
9320,Property
9437,Violent
22227,Other
10092,Property
2412,Property
21818,Drug
19574,Violent
11063,Violent
5743,Violent
7722,Property
1622,Property
15732,Weapon
8097,Violent
21450,Property
9537,Sex
1988,Violent
22524,Drug
234,Violent
12638,Drug
10295,Violent
1880,Drug
18077,Weapon
18812,Other
3765,Weapon
16656,Weapon
6025,Sex
23254,Violent
5432,Violent
19971,Sex
7119,Property
13741,Other
4156,Other
1794,Other
17313,Drug
7310,Violent
23993,Drug
15567,Weapon
2792,Property
18019,Property
9501,Drug
18604,Weapon
2631,Violent
6409,Weapon
19638,Other
4432,Violent
10505,Other
9816,Sex
21154,Weapon
7353,Property
10012,Violent
22557,Drug
11311,Violent
15950,Weapon
9719,Violent
16867,Drug
15223,Sex
5581,Violent
14324,Violent
9387,Violent
9789,Violent
4209,Other
15895,Drug
14183,Violent
10276,Weapon
11151,Weapon
6284,Weapon
5960,Violent
23107,Violent
12137,Drug
16895,Violent
14329,Drug
1958,Weapon
23293,Violent
23765,Drug
10007,Violent
22112,Other
24217,Drug
4577,Other
7389,Weapon
21864,Weapon
1346,Sex
1280,Drug
3783,Weapon
9133,Weapon
11935,Property
13682,Homicide
15592,Other
7809,Drug
8823,Drug
4847,Violent
16575,Drug
21402,Property
13072,Property
19482,Drug
8514,Violent
20591,Violent
19451,Violent
4276,Violent
10039,Weapon
23247,Other
416,Drug
4639,Violent
24002,Violent
19079,Drug
3402,Drug
8738,Weapon
23705,Drug
14524,Other
19675,Other
1798,Weapon
18515,Homicide
879,Violent
13038,Sex
12048,Violent
12704,Property
19022,Drug
929,Homicide
7859,Property
9125,Violent
6141,Violent
8787,Weapon
23070,Property
11917,Weapon
22481,Drug
24353,Drug
18627,Violent
10736,Drug
17208,Drug
9686,Property
21033,Property
10316,Other
12844,Drug
3577,Violent
6507,Property
21838,Drug
3705,Violent
4125,Violent
5088,Violent
2783,Drug
7564,Weapon
19390,Violent
7739,Sex
3186,Violent
15991,Other
1567,Violent
17504,Violent
7258,Property
11838,Weapon
10618,Weapon
12884,Weapon
18324,Weapon
17959,Weapon
6860,Drug
7088,Violent
13302,Property
4503,Weapon
21563,Drug
19018,Violent
13204,Violent
10185,Sex
450,Weapon
20533,Violent
15263,Drug
14278,Violent
6262,Drug
7352,Property
22667,Weapon
9051,Other
13267,Other
2692,Property
21258,Drug
20673,Drug
18129,Sex
13168,Drug
6270,Weapon
21274,Weapon
5904,Violent
22565,Other
22672,Drug
8474,Violent
14615,Property
8602,Drug
2887,Drug
17725,Weapon
16928,Drug
16567,Drug
5516,Violent
9132,Property
10391,Property
7693,Drug
1801,Drug
16179,Weapon
12325,Drug
20367,Violent
16396,Property
17134,Violent
11974,Other
18175,Weapon
6078,Property
20390,Weapon
3777,Weapon
23044,Drug
21802,Drug
5774,Weapon
23848,Violent
5322,Weapon
9534,Violent
526,Violent
5865,Drug
18615,Violent
16502,Property
5252,Drug
24210,Drug
231,Other
20936,Violent
9400,Other
5619,Weapon
8830,Weapon
1531,Violent
13812,Weapon
501,Violent
14231,Drug
15142,Weapon
18026,Property
22621,Property
16437,Property
4337,Violent
8379,Homicide
3228,Property
8277,Property
17245,Drug
5504,Drug
18965,Other
10227,Violent
14249,Sex
15784,Property
13610,Weapon
23096,Drug
1528,Other
23529,Drug
15912,Property
21504,Violent
20884,Violent
21374,Drug
10632,Other
17408,Sex
6604,Violent
16163,Weapon
8372,Property
14,Homicide
21495,Drug
1375,Property
10281,Other
19322,Violent
203,Violent
2407,Other
18295,Weapon
16978,Drug
6942,Violent
13097,Drug
1490,Homicide
21962,Weapon
17398,Other
8272,Violent
15664,Drug
18321,Violent
20896,Drug
23278,Violent
20608,Sex
14240,Drug
24555,Violent
2522,Violent
11502,Drug
6364,Violent
5440,Violent
6769,Property
12500,Drug
15394,Violent
16515,Violent
2964,Drug
4741,Weapon
23484,Drug
17409,Property
9028,Weapon
24641,Drug
7864,Violent
22158,Sex
8707,Violent
9796,Weapon
8509,Violent
14491,Weapon
45,Violent
10609,Drug
3995,Violent
9992,Drug
13351,Drug
20800,Homicide
21213,Property
20520,Property
22115,Drug
11830,Property
9078,Violent
24126,Drug
10914,Other
8981,Other
22508,Weapon
21806,Drug
12016,Weapon
22288,Drug
15135,Weapon
15255,Violent
4241,Weapon
23680,Violent
6330,Drug
22242,Drug
16970,Drug
533,Violent
24446,Violent
16194,Violent
16876,Drug
11638,Violent
1331,Property
15032,Violent
15454,Other
21476,Drug
3515,Property
12683,Weapon
5084,Violent
3863,Property
7749,Violent
19271,Weapon
272,Violent
17755,Violent
12355,Violent
762,Weapon
24164,Drug
4040,Weapon
11058,Weapon
2782,Weapon
1086,Drug
12446,Weapon
13601,Drug
22377,Other
23810,Violent
7729,Other
17,Weapon
13041,Weapon
9170,Homicide
6106,Weapon
12843,Violent
18539,Other
5917,Drug
49,Weapon
19144,Weapon
23958,Other
21729,Other
3757,Other
10568,Weapon
978,Weapon
12715,Violent
23340,Violent
19466,Other
5954,Violent
12255,Violent
5105,Drug
14026,Property
8505,Violent
9881,Violent
10155,Sex
21059,Other
22406,Violent
19931,Weapon
4646,Property
16627,Weapon
21580,Sex
12588,Weapon
2030,Property
2815,Drug
22241,Violent
18016,Drug
7991,Violent
24335,Drug
3887,Violent
16506,Violent
1545,Weapon
21606,Drug
21018,Property
23326,Violent
2803,Other
18531,Property
13855,Weapon
11271,Drug
3813,Violent
8616,Violent
1543,Weapon
10884,Weapon
5511,Violent
24508,Violent
5416,Other
5009,Other
18277,Weapon
18193,Sex
4595,Property
19212,Violent
21772,Property
12660,Other
13534,Weapon
1127,Homicide
11100,Violent
10392,Property
20802,Drug
13750,Violent
12730,Weapon
1687,Weapon
15962,Drug
23265,Violent
14714,Homicide
2737,Drug
7022,Property
11340,Weapon
6815,Other
4154,Weapon
12789,Drug
446,Sex
10244,Homicide
7714,Violent
4854,Homicide
303,Weapon
6620,Violent
7029,Property
2310,Violent
6838,Violent
11880,Drug
6887,Violent
6007,Drug
9098,Violent
2440,Violent
22531,Violent
14199,Sex
16594,Weapon
4922,Sex
5174,Violent
14902,Property
12480,Property
12604,Violent
1852,Violent
1723,Violent
20944,Drug
3227,Property
17852,Violent
8247,Violent
23649,Violent
6914,Violent
7962,Violent
24021,Drug
21886,Violent
6168,Other
4053,Other
1134,Drug
11222,Homicide
21936,Property
5273,Weapon
10762,Violent
8227,Violent
12814,Drug
4994,Violent
1439,Weapon
24398,Drug
11495,Property
7047,Drug
166,Violent
22592,Weapon
23041,Property
8496,Violent
12400,Drug
13753,Property
14272,Weapon
17988,Drug
10787,Homicide
1274,Drug
20644,Violent
4304,Weapon
20411,Weapon
17358,Drug
23545,Other
22635,Violent
4535,Violent
478,Property
24303,Drug
19797,Homicide
18234,Violent
18336,Violent
11316,Violent
4331,Property
1719,Violent
1495,Violent
22601,Drug
13335,Weapon
17946,Violent
16740,Violent
20606,Sex
23258,Drug
19893,Drug
6658,Other
5319,Property
23081,Other
2092,Property
19774,Other
8035,Weapon
16728,Other
6425,Violent
13089,Drug
18705,Drug
15199,Weapon
1264,Violent
16727,Weapon
21206,Drug
7999,Property
23173,Other
23122,Drug
6138,Drug
23601,Weapon
4200,Weapon
772,Drug
14543,Weapon
15351,Drug
3157,Other
17399,Drug
2449,Property
15325,Weapon
14858,Weapon
15673,Violent
21087,Violent
1693,Weapon
330,Weapon
2421,Weapon
7173,Violent
3202,Property
1955,Violent
3602,Violent
10078,Property
2836,Weapon
7290,Drug
19631,Drug
18451,Violent
6790,Other
14430,Violent
8197,Drug
2422,Property
24646,Drug
13793,Sex
4161,Other
9585,Violent
24129,Violent
12199,Violent
17798,Violent
9146,Property
20965,Drug
22996,Drug
11256,Violent
22510,Homicide
10976,Other
2723,Violent
16865,Violent
3790,Violent
7553,Drug
24573,Weapon
2545,Property
2083,Violent
17139,Violent
20681,Weapon
14880,Property
17702,Violent
5654,Drug
15848,Other
17991,Drug
4740,Weapon
14351,Property
20833,Violent
7794,Homicide
20973,Homicide
21169,Drug
10680,Sex
20882,Drug
24012,Violent
13212,Homicide
13636,Property
311,Property
5650,Violent
11826,Property
3549,Violent
14951,Weapon
1032,Weapon
24113,Weapon
20197,Drug
15344,Weapon
7472,Drug
18490,Violent
8646,Weapon
7898,Property
22803,Other
18860,Drug
20702,Other
5176,Violent
6358,Weapon
16360,Sex
8905,Violent
1838,Weapon
15296,Other
15484,Violent
24350,Violent
12254,Other
21812,Property
11828,Property
2689,Other
892,Violent
18862,Violent
2149,Other
15249,Weapon
12438,Violent
23988,Other
7832,Other
19465,Property
14484,Violent
6476,Sex
16790,Drug
2243,Weapon
6990,Property
22035,Weapon
13615,Weapon
21623,Violent
21914,Violent
21834,Drug
1488,Violent
14975,Violent
23149,Drug
11019,Drug
3575,Drug
3623,Other
12961,Weapon
12220,Violent
21075,Weapon
20490,Violent
616,Weapon
2930,Drug
13746,Weapon
1369,Drug
13355,Weapon
15117,Weapon
18084,Violent
5956,Weapon
7407,Drug
6540,Violent
9033,Weapon
23243,Property
11774,Other
19227,Violent
279,Drug
22200,Sex
8839,Violent
19115,Homicide
18057,Violent
8389,Violent
5177,Other
18865,Drug
21290,Weapon
8564,Violent
18173,Other
23934,Weapon
18069,Violent
18048,Property
10749,Homicide
18052,Property
18196,Violent
4046,Drug
23283,Drug
22368,Sex
21278,Weapon
1738,Violent
8862,Weapon
11512,Property
22143,Violent
22317,Drug
17572,Drug
8356,Other
2624,Weapon
26,Weapon
18142,Violent
21969,Violent
5301,Other
14654,Violent
15075,Drug
8606,Violent
14972,Other
6997,Weapon
17015,Violent
17108,Drug
8005,Violent
9953,Sex
2167,Weapon
3424,Drug
16875,Property
18126,Homicide
10171,Property
21453,Drug
10539,Weapon
17460,Other
11839,Property
9714,Violent
18185,Drug
2856,Property
19699,Drug
23461,Drug
7491,Property
298,Violent
20107,Other
6238,Property
15532,Homicide
2070,Property
24070,Violent
21565,Drug
12070,Drug
1140,Homicide
11812,Weapon
9039,Other
23820,Weapon
815,Weapon
11005,Drug
15043,Violent
2506,Violent
14169,Weapon
4838,Drug
1733,Violent
7268,Drug
24632,Drug
7360,Violent
9237,Violent
4397,Violent
21129,Other
3717,Violent
7916,Other
21060,Drug
24091,Property
2902,Property
9831,Property
7447,Sex
16617,Weapon
18442,Violent
24476,Property
1841,Property
5906,Violent
10261,Other
4243,Drug
22625,Weapon
6407,Weapon
10344,Property
5767,Violent
4226,Property
8350,Weapon
6123,Drug
8705,Drug
22412,Weapon
9087,Violent
8714,Property
16764,Violent
4431,Homicide
5761,Violent
6090,Property
15538,Drug
23310,Weapon
9670,Drug
5592,Weapon
22074,Violent
3230,Drug
4751,Weapon
19087,Homicide
6315,Drug
210,Violent
21003,Drug
23611,Drug
21250,Violent
13570,Property
12497,Property
5045,Other
13842,Drug
15741,Weapon
19193,Weapon
7369,Property
7405,Drug
6000,Sex
15577,Violent
14860,Weapon
1635,Property
2953,Drug
8484,Sex
2724,Property
4668,Weapon
5588,Drug
11575,Violent
18243,Violent
15056,Weapon
22656,Violent
92,Violent
3465,Weapon
22326,Drug
23771,Weapon
6098,Drug
13506,Violent
144,Violent
15397,Violent
15274,Property
24607,Drug
4553,Violent
8627,Violent
11984,Violent
20431,Violent
11767,Other
13425,Drug
21324,Drug
7783,Drug
22633,Other
10413,Weapon
3969,Drug
15398,Violent
5952,Drug
18251,Violent
13836,Weapon
10341,Drug
21629,Drug
22864,Other
22888,Property
24293,Other
5566,Violent
24363,Other
7149,Violent
19019,Weapon
8528,Weapon
6578,Weapon
6689,Other
20373,Other
12602,Violent
13277,Violent
10576,Violent
15345,Weapon
4380,Drug
20401,Violent
16787,Violent
344,Other
18276,Violent
5296,Homicide
17751,Violent
1589,Weapon
20939,Weapon
16721,Violent
1623,Weapon
23365,Drug
1445,Drug
2998,Drug
6940,Property
24325,Violent
16006,Violent
22168,Homicide
6012,Drug
18511,Homicide
20256,Drug
12533,Property
19608,Violent
7397,Violent
20285,Drug
12456,Weapon
23494,Drug
19078,Property
13297,Drug
6303,Violent
13498,Property
15941,Drug
3445,Weapon
3387,Property
21014,Weapon
12860,Violent
19458,Drug
5029,Violent
8844,Violent
2459,Weapon
18127,Weapon
17491,Other
3094,Weapon
21702,Drug
20229,Weapon
7075,Sex
5142,Violent
20878,Drug
4108,Violent
7513,Drug
10861,Violent
1101,Homicide
15933,Drug
19721,Violent
6256,Drug
14921,Drug
14607,Violent
24622,Drug
11171,Drug
13103,Violent
24202,Drug
19623,Property
21942,Property
15988,Drug
20619,Drug
1031,Homicide
19163,Weapon
13933,Weapon
13172,Drug
9138,Violent
1956,Violent
23778,Weapon
2472,Violent
13094,Drug
4302,Property
9949,Sex
11711,Violent
21151,Violent
11039,Homicide
8557,Violent
19580,Drug
1636,Weapon
11623,Violent
20380,Violent
4099,Weapon
20579,Drug
13694,Weapon
13824,Other
12431,Drug
10793,Violent
17005,Violent
9031,Property
17724,Weapon
7214,Property
6804,Violent
21662,Property
20394,Violent
21454,Property
12361,Property
7617,Violent
13770,Property
5672,Weapon
17873,Weapon
6522,Drug
18538,Weapon
22581,Other
6069,Violent
3810,Weapon
7204,Property
18912,Drug
15479,Other
17502,Drug
3473,Weapon
4904,Drug
10982,Property
11971,Violent
6237,Other
13413,Property
8883,Violent
11000,Other
18172,Property
18238,Violent
6393,Drug
17209,Weapon
11413,Violent
24296,Drug
23696,Violent
9372,Drug
17746,Drug
6893,Drug
22796,Sex
9673,Drug
2488,Homicide
21466,Other
17091,Drug
5452,Weapon
17563,Drug
19962,Weapon
7033,Drug
18589,Weapon
20120,Drug
24225,Drug
2668,Sex
16607,Violent
19125,Violent
7641,Violent
24307,Weapon
12522,Drug
21792,Drug
2880,Weapon
12186,Drug
10096,Homicide
19180,Drug
6373,Homicide
16278,Violent
23358,Property
16955,Violent
7852,Violent
8651,Violent
13715,Homicide
23264,Violent
12264,Weapon
9832,Property
1243,Weapon
8571,Other
3247,Other
24365,Other
21255,Violent
24619,Other
9901,Violent
13394,Weapon
5097,Violent
3827,Weapon
23142,Violent
20723,Drug
677,Other
18528,Drug
13965,Weapon
19650,Weapon
176,Property
23396,Weapon
17907,Drug
20102,Violent
4408,Weapon
21380,Violent
5661,Violent
6829,Other
18527,Violent
17373,Violent
17971,Weapon
14995,Other
8123,Homicide
12735,Property
7390,Drug
1340,Other
19600,Property
24354,Drug
5304,Drug
1839,Drug
16409,Weapon
22814,Weapon
17808,Violent
2978,Drug
16138,Drug
8105,Violent
23941,Property
15639,Violent
9281,Homicide
7993,Weapon
13811,Violent
19799,Other
16011,Drug
18178,Weapon
18998,Drug
11049,Violent
19123,Violent
9791,Property
8736,Drug
16453,Drug
22031,Violent
10598,Drug
3564,Weapon
21925,Drug
15380,Sex
18967,Violent
8241,Weapon
8608,Violent
2135,Weapon
8258,Drug
4384,Weapon
15583,Property
7971,Weapon
13264,Drug
11993,Violent
11737,Other
13998,Homicide
14033,Property
23555,Weapon
19202,Violent
20283,Weapon
4993,Weapon
15793,Property
5299,Weapon
5645,Property
24185,Violent
6401,Drug
5992,Violent
24291,Violent
2078,Drug
3355,Drug
14549,Violent
1519,Violent
7530,Property
1834,Weapon
24267,Drug
10623,Sex
23394,Drug
38,Property
22122,Violent
18971,Property
23320,Other
11143,Violent
18991,Drug
15034,Weapon
22424,Violent
4107,Drug
21446,Property
22591,Drug
1600,Weapon
893,Violent
15058,Drug
19626,Drug
16925,Other
18460,Weapon
12465,Property
12374,Other
18292,Violent
3029,Drug
2722,Violent
15907,Sex
516,Property
5892,Drug
20941,Violent
17886,Property
4445,Violent
12242,Violent
20877,Drug
11479,Property
23641,Violent
11266,Violent
17386,Other
4962,Violent
5087,Property
5271,Property
3420,Property
7232,Violent
17067,Violent
20718,Drug
22272,Drug
16882,Property
17627,Weapon
18503,Violent
5940,Violent
587,Weapon
9923,Weapon
9751,Weapon
13361,Drug
8421,Violent
16552,Property
14542,Violent
23592,Property
160,Homicide
6776,Weapon
21576,Other
18261,Drug
11214,Weapon
12870,Violent
9103,Other
17140,Violent
12816,Violent
14624,Drug
4165,Violent
15696,Weapon
23400,Other
13278,Drug
20112,Violent
18081,Violent
18271,Other
6022,Violent
20391,Weapon
16408,Violent
9999,Other
1372,Violent
12991,Violent
3732,Drug
10635,Violent
21487,Other
3395,Property
13420,Drug
11004,Drug
2574,Violent
15111,Sex
23223,Drug
17016,Violent
22344,Drug
7994,Violent
19352,Drug
18819,Violent
4692,Violent
3699,Drug
24008,Property
2735,Weapon
3635,Weapon
8279,Violent
3306,Violent
18793,Property
3016,Violent
6968,Violent
15961,Property
9251,Other
3099,Weapon
7926,Violent
12020,Property
22283,Other
12086,Drug
17544,Drug
19882,Violent
9446,Violent
13283,Other
1388,Violent
17361,Violent
2895,Drug
3474,Weapon
10470,Violent
21568,Weapon
7568,Violent
15737,Drug
11434,Weapon
10928,Weapon
24219,Weapon
23570,Drug
5484,Violent
6743,Weapon
21739,Drug
13669,Weapon
21188,Drug
15622,Violent
22342,Drug
13358,Drug
9208,Property
9193,Property
17009,Property
10423,Weapon
885,Drug
6798,Violent
6650,Property
2702,Violent
16985,Property
1049,Weapon
11850,Other
2691,Weapon
305,Violent
3945,Other
19364,Violent
12566,Property
11847,Weapon
13290,Other
2341,Violent
6061,Weapon
668,Weapon
10323,Sex
2109,Weapon
6976,Weapon
9876,Other
1608,Weapon
15250,Violent
10265,Drug
8252,Homicide
2228,Weapon
3490,Violent
23968,Violent
21042,Drug
19694,Weapon
877,Weapon
19972,Sex
20498,Drug
1412,Homicide
19143,Weapon
16783,Sex
20987,Violent
9205,Violent
12253,Weapon
14325,Other
12239,Weapon
4510,Violent
7439,Weapon
18960,Drug
21143,Other
12949,Violent
1454,Drug
14787,Property
16,Weapon
14396,Other
11219,Property
12713,Drug
13343,Drug
20457,Drug
20757,Violent
9106,Other
2041,Weapon
6982,Property
16537,Drug
23975,Sex
4929,Drug
15714,Other
5900,Drug
9467,Weapon
14585,Drug
10600,Violent
11482,Violent
21972,Drug
13545,Weapon
3398,Violent
12333,Drug
14222,Weapon
12140,Drug
7727,Violent
19417,Drug
7907,Violent
19641,Drug
1110,Violent
11702,Violent
8539,Drug
9919,Weapon
6344,Weapon
7656,Weapon
12665,Weapon
10656,Other
10059,Sex
5231,Violent
5435,Weapon
22302,Violent
20130,Other
9658,Weapon
13443,Drug
16700,Weapon
8758,Violent
14744,Violent
5791,Drug
3493,Drug
17372,Property
1234,Drug
16489,Violent
1788,Weapon
17784,Property
17834,Property
8495,Violent
1944,Violent
4249,Drug
24038,Drug
11592,Sex
24331,Drug
20924,Homicide
17581,Violent
11082,Drug
21989,Drug
506,Violent
3344,Property
23642,Weapon
18182,Violent
23951,Property
15744,Drug
12669,Violent
18242,Violent
3797,Property
15377,Other
18360,Other
17459,Drug
1540,Drug
22668,Weapon
20617,Drug
23036,Violent
3925,Drug
328,Violent
19842,Drug
8103,Drug
7542,Weapon
18830,Drug
19092,Weapon
11398,Sex
22038,Drug
977,Drug
11210,Other
22353,Violent
16398,Drug
15443,Drug
14014,Weapon
9928,Weapon
12154,Weapon
16913,Drug
15984,Drug
22785,Drug
21479,Weapon
19331,Violent
20712,Drug
20832,Weapon
3915,Drug
18542,Sex
5665,Violent
2027,Weapon
3849,Weapon
8939,Property
15292,Violent
1135,Drug
4476,Drug
7507,Property
19502,Drug
8791,Weapon
14156,Property
20900,Other
8609,Property
1951,Other
13980,Weapon
16877,Violent
3805,Weapon
7640,Drug
24060,Weapon
19319,Other
22775,Drug
1019,Other
24268,Violent
11217,Homicide
13665,Violent
2148,Weapon
4752,Property
1225,Violent
177,Property
24145,Other
7813,Violent
9997,Other
11900,Homicide
16896,Weapon
6406,Sex
5689,Violent
13280,Property
12488,Homicide
21814,Property
8689,Violent
7385,Violent
10025,Property
8371,Drug
8458,Violent
13929,Weapon
10354,Violent
6987,Drug
18540,Drug
184,Violent
22989,Violent
16315,Violent
4813,Property
24501,Drug
22059,Weapon
17579,Drug
9755,Property
23235,Weapon
21746,Weapon
5673,Violent
4870,Weapon
1915,Drug
2955,Weapon
4880,Property
17796,Violent
9793,Other
22157,Other
7627,Weapon
16531,Drug
7996,Violent
13467,Violent
3237,Violent
20583,Violent
6246,Weapon
2483,Homicide
14441,Drug
23102,Violent
1708,Weapon
23327,Weapon
17973,Violent
9617,Weapon
1339,Weapon
11441,Drug
4182,Violent
19344,Drug
13078,Homicide
24411,Drug
23843,Property
18288,Violent
6663,Violent
16224,Violent
4508,Weapon
2413,Violent
2074,Property
10134,Violent
4958,Weapon
3561,Weapon
21144,Violent
10167,Violent
12402,Weapon
15316,Weapon
6625,Drug
6117,Violent
16544,Other
17772,Other
16383,Violent
12863,Property
22549,Drug
19997,Drug
17227,Weapon
433,Violent
5434,Violent
13244,Drug
4348,Other
22436,Drug
12869,Homicide
19536,Homicide
14311,Weapon
767,Other
21098,Other
19128,Violent
370,Weapon
21411,Property
11537,Weapon
23415,Drug
10248,Drug
6754,Drug
9262,Weapon
10702,Weapon
5459,Drug
8062,Property
13594,Violent
20734,Property
4267,Drug
7278,Weapon
4247,Sex
12053,Violent
7213,Property
21566,Drug
16430,Drug
1564,Drug
7858,Violent
19977,Sex
12582,Violent
24252,Drug
19528,Property
6420,Violent
14918,Weapon
20271,Violent
13964,Weapon
2111,Violent
23867,Drug
17994,Weapon
15990,Drug
5198,Homicide
3019,Drug
4383,Violent
3281,Violent
21551,Property
12807,Sex
16791,Drug
23864,Violent
7031,Property
18148,Violent
14295,Drug
13629,Homicide
19171,Weapon
4400,Property
18269,Drug
354,Other
10964,Violent
20085,Violent
19203,Drug
23731,Property
570,Weapon
7765,Sex
6916,Violent
5833,Violent
16349,Property
5041,Violent
19449,Drug
16755,Violent
17789,Weapon
22068,Weapon
6041,Violent
6951,Violent
5449,Violent
469,Weapon
13823,Weapon
17085,Drug
6359,Property
557,Weapon
6856,Drug
3606,Drug
21041,Violent
13686,Violent
21314,Weapon
15643,Violent
5170,Drug
11778,Property
22829,Drug
12736,Other
2115,Drug
22488,Drug
5243,Weapon
5977,Violent
9691,Drug
20263,Violent
20485,Drug
21895,Drug
4116,Sex
20260,Other
14485,Weapon
13043,Weapon
129,Property
14993,Drug
4159,Drug
769,Violent
4002,Drug
18934,Drug
14857,Property
671,Weapon
21203,Drug
1450,Drug
7285,Violent
10500,Homicide
3422,Violent
9402,Violent
110,Weapon
12786,Drug
7470,Drug
15118,Weapon
5967,Property
6673,Violent
23233,Drug
20887,Violent
11525,Drug
13632,Violent
18179,Violent
4012,Drug
11634,Violent
4872,Weapon
2365,Weapon
7294,Violent
8256,Homicide
19461,Sex
6842,Weapon
19905,Weapon
12394,Violent
23900,Other
5424,Property
17862,Drug
15919,Weapon
1309,Other
15849,Drug
21443,Drug
15442,Drug
16303,Drug
15916,Drug
17098,Drug
23502,Drug
9526,Property
8184,Weapon
774,Violent
14613,Violent
13473,Homicide
9003,Weapon
1960,Weapon
8094,Weapon
19014,Drug
6732,Violent
20042,Property
23479,Drug
19586,Drug
5261,Violent
972,Weapon
12516,Violent
12952,Weapon
4456,Drug
15803,Weapon
17805,Other
693,Violent
8315,Property
13705,Other
24122,Violent
1961,Drug
2444,Property
13553,Violent
12861,Violent
19946,Drug
21095,Drug
15070,Weapon
23470,Drug
20272,Violent
12560,Violent
16391,Property
193,Violent
11336,Weapon
2128,Weapon
14710,Weapon
15780,Other
7703,Weapon
4355,Property
1409,Violent
17569,Property
13621,Weapon
18673,Violent
18424,Violent
5476,Weapon
9508,Property
2947,Weapon
530,Weapon
7183,Drug
4359,Drug
5534,Property
3684,Violent
13626,Weapon
22938,Drug
10490,Violent
2383,Drug
7811,Drug
37,Other
24630,Drug
8409,Other
9155,Weapon
18497,Weapon
22054,Property
13692,Drug
3970,Drug
15557,Drug
17791,Property
7890,Drug
1973,Violent
9605,Weapon
21779,Violent
4250,Drug
7526,Property
4559,Violent
13587,Violent
23932,Violent
7488,Property
19934,Violent
21184,Violent
5151,Homicide
16484,Sex
6438,Property
21388,Weapon
4320,Weapon
11814,Weapon
21961,Weapon
22463,Drug
9973,Other
4084,Other
2898,Drug
17770,Property
20370,Violent
11067,Homicide
16210,Violent
22511,Property
8346,Other
23386,Violent
16302,Drug
5104,Drug
23092,Property
11922,Property
2000,Weapon
17941,Violent
8799,Drug
666,Weapon
13287,Property
4411,Drug
18401,Drug
2876,Other
4459,Drug
7148,Property
11426,Drug
1005,Drug
2569,Violent
10681,Sex
12389,Drug
10767,Weapon
5594,Violent
3393,Weapon
9108,Property
18747,Drug
12273,Violent
9693,Other
16226,Violent
17173,Violent
845,Property
9424,Weapon
16406,Drug
1177,Weapon
3939,Other
18386,Weapon
22438,Weapon
2848,Other
4270,Weapon
16479,Property
7230,Violent
9724,Sex
22105,Violent
23228,Weapon
7189,Sex
20645,Weapon
1659,Weapon
7738,Other
2924,Drug
20990,Drug
1202,Property
21194,Violent
23796,Property
430,Violent
13958,Violent
18592,Drug
6770,Property
4792,Violent
22000,Weapon
19932,Violent
9059,Property
18344,Drug
22869,Weapon
22164,Violent
14364,Drug
6693,Violent
18397,Sex
12299,Violent
20113,Violent
4849,Violent
16004,Sex
20204,Drug
13126,Other
18387,Other
14784,Other
7750,Weapon
3368,Drug
3299,Weapon
20829,Drug
14157,Property
3371,Weapon
17762,Violent
24332,Drug
10064,Weapon
14175,Drug
20071,Other
2259,Weapon
2503,Property
2150,Drug
19127,Weapon
1122,Violent
8358,Other
11871,Drug
22957,Drug
5364,Property
3647,Drug
9610,Drug
6706,Drug
9863,Weapon
9342,Weapon
22698,Drug
11478,Property
22972,Drug
23014,Violent
19055,Drug
14745,Violent
3005,Drug
10695,Violent
6593,Weapon
14631,Violent
15074,Weapon
16555,Drug
12886,Violent
5181,Weapon
8269,Property
17270,Other
8665,Weapon
23956,Drug
7493,Violent
5277,Weapon
458,Drug
10957,Property
9345,Violent
11855,Other
19980,Sex
23348,Violent
13369,Violent
2170,Other
3794,Weapon
12892,Other
8769,Drug
14343,Drug
2309,Weapon
15257,Sex
720,Weapon
4868,Weapon
12271,Weapon
1601,Weapon
15650,Drug
10310,Other
137,Property
11488,Other
7164,Weapon
12959,Weapon
18255,Violent
16557,Weapon
6273,Violent
21228,Violent
18214,Drug
5108,Violent
12639,Drug
19642,Drug
21091,Violent
16818,Property
13002,Property
12368,Weapon
21511,Drug
11628,Other
11941,Weapon
12211,Violent
21139,Drug
3298,Property
22602,Property
8399,Violent
16237,Other
6104,Weapon
13105,Drug
11260,Drug
1475,Weapon
11586,Sex
10672,Violent
20037,Drug
5974,Sex
22455,Property
24419,Property
11676,Property
21282,Drug
11051,Weapon
22474,Drug
18694,Weapon
7262,Violent
14991,Drug
17699,Property
14102,Weapon
15310,Violent
13139,Drug
10850,Weapon
14508,Violent
1258,Violent
10451,Violent
4160,Weapon
3234,Weapon
7250,Violent
14178,Violent
477,Drug
3874,Weapon
4721,Violent
2652,Sex
24192,Drug
5466,Drug
24317,Drug
23833,Drug
7350,Violent
14196,Property
818,Weapon
6086,Violent
4298,Drug
15774,Weapon
22149,Weapon
96,Property
9255,Property
12783,Property
8946,Drug
22753,Weapon
15844,Violent
1584,Drug
19083,Weapon
20333,Drug
3770,Weapon
15151,Violent
4547,Other
3710,Violent
16130,Violent
20575,Drug
9094,Drug
3978,Weapon
23187,Violent
23938,Drug
11566,Property
14517,Drug
13389,Other
19634,Weapon
18614,Weapon
4835,Violent
21110,Drug
3458,Violent
13902,Other
2224,Violent
12763,Violent
19168,Drug
6105,Weapon
2676,Violent
23910,Drug
14572,Drug
20754,Property
11553,Other
8321,Property
19685,Other
24342,Violent
18652,Other
21548,Weapon
20524,Violent
6736,Weapon
8585,Violent
11936,Violent
17657,Weapon
5463,Drug
15808,Weapon
2576,Violent
12111,Weapon
9660,Violent
6919,Property
17743,Weapon
23615,Property
21307,Violent
4427,Drug
5147,Violent
13756,Violent
7740,Homicide
10664,Violent
9250,Drug
10611,Violent
1757,Sex
9976,Other
10526,Drug
15626,Homicide
23664,Drug
21463,Drug
16332,Drug
4712,Property
17207,Weapon
22978,Drug
7045,Weapon
4097,Weapon
21422,Property
21753,Drug
12681,Violent
13651,Drug
15866,Property
13835,Violent
18074,Violent
2448,Weapon
3161,Drug
1215,Property
22623,Weapon
18184,Other
11202,Weapon
17586,Violent
17797,Property
15802,Violent
18713,Weapon
20628,Drug
18833,Weapon
7583,Violent
22131,Sex
19148,Weapon
7282,Weapon
24575,Violent
9972,Other
24543,Other
5903,Weapon
2416,Drug
7724,Weapon
8695,Violent
11125,Violent
562,Homicide
9158,Weapon
5690,Weapon
19961,Weapon
7785,Weapon
3731,Drug
8363,Sex
22733,Drug
14449,Property
4658,Weapon
2625,Violent
1131,Violent
9340,Weapon
24052,Weapon
12784,Property
5691,Violent
7078,Property
5232,Violent
20066,Violent
2450,Weapon
638,Drug
16384,Violent
6467,Violent
11481,Weapon
844,Weapon
17166,Property
2525,Drug
19691,Drug
22664,Violent
5355,Drug
4164,Violent
15794,Violent
8856,Drug
13356,Property
14320,Property
18418,Drug
9763,Violent
13375,Violent
22229,Other
15551,Violent
13509,Violent
23178,Other
19727,Drug
3353,Other
4218,Violent
21943,Property
4317,Violent
20799,Weapon
14251,Sex
165,Weapon
23078,Other
17567,Property
3772,Violent
11203,Weapon
15031,Weapon
22191,Drug
4912,Drug
20157,Drug
21348,Other
9272,Drug
20441,Drug
4139,Weapon
21157,Drug
23847,Drug
19370,Weapon
8108,Violent
1803,Drug
13966,Homicide
12055,Violent
1089,Weapon
17087,Drug
23226,Violent
7222,Weapon
15162,Property
286,Weapon
14230,Drug
12233,Property
17542,Violent
18701,Violent
807,Drug
22401,Weapon
24198,Drug
15004,Homicide
11052,Weapon
4027,Sex
22431,Drug
16559,Weapon
16018,Sex
14978,Violent
12153,Property
6917,Weapon
1859,Weapon
20856,Drug
15591,Property
12914,Homicide
21247,Weapon
24402,Sex
18452,Weapon
18933,Violent
13054,Violent
438,Homicide
15112,Weapon
4687,Violent
8913,Drug
2130,Violent
6096,Drug
23008,Property
12409,Weapon
19832,Property
4429,Violent
2211,Drug
14314,Violent
11015,Violent
11616,Violent
7805,Violent
872,Violent
20450,Property
23338,Violent
2151,Weapon
930,Weapon
24323,Other
13724,Weapon
10212,Property
860,Violent
20633,Other
2007,Weapon
6889,Violent
16563,Weapon
9085,Violent
11355,Drug
11146,Drug
836,Other
12372,Property
13579,Drug
9899,Weapon
19477,Property
3625,Property
10925,Other
79,Violent
21105,Violent
12607,Sex
13360,Drug
5897,Violent
22871,Violent
19869,Property
4083,Violent
11480,Property
1694,Property
11627,Other
23683,Drug
16785,Violent
18423,Violent
1174,Weapon
20292,Drug
678,Drug
19478,Drug
20080,Other
16602,Other
24194,Other
5214,Weapon
7510,Violent
7551,Other
23421,Drug
9646,Drug
22586,Property
24386,Drug
12104,Property
13485,Drug
17868,Violent
12045,Violent
5237,Violent
14095,Homicide
10631,Drug
817,Property
21289,Drug
24537,Weapon
9440,Violent
11477,Property
6962,Sex
15016,Weapon
16058,Drug
7660,Weapon
19297,Drug
7819,Property
19345,Weapon
5994,Violent
20697,Weapon
13010,Property
22849,Weapon
24454,Homicide
12591,Weapon
3921,Other
1013,Other
9883,Property
16321,Weapon
15564,Weapon
12649,Violent
8151,Violent
6261,Sex
245,Property
9144,Violent
12900,Property
8038,Sex
12761,Violent
23065,Drug
18755,Drug
9295,Other
21618,Drug
23824,Other
16434,Weapon
1591,Weapon
17378,Drug
13807,Violent
3309,Drug
15376,Drug
1775,Drug
9677,Weapon
21626,Violent
7172,Weapon
3023,Drug
11115,Violent
1784,Drug
22301,Violent
3761,Drug
3513,Violent
19605,Drug
20792,Weapon
19160,Weapon
4764,Drug
20474,Drug
14360,Violent
8744,Weapon
5149,Homicide
5800,Property
1651,Violent
3137,Drug
23271,Violent
19569,Drug
12779,Property
1002,Weapon
15819,Weapon
795,Weapon
12136,Other
19239,Weapon
18014,Property
7179,Property
3657,Drug
6196,Violent
11986,Other
11137,Weapon
22908,Drug
19710,Drug
10063,Violent
2013,Homicide
11876,Violent
23433,Drug
5676,Other
2164,Weapon
5907,Drug
20172,Weapon
23873,Drug
10921,Weapon
20683,Sex
16359,Weapon
22325,Other
20252,Weapon
22421,Drug
20907,Drug
21870,Drug
21995,Violent
22750,Drug
1178,Drug
12979,Drug
10588,Other
21037,Other
18195,Violent
13513,Drug
3223,Drug
16222,Weapon
14401,Violent
9875,Violent
19888,Property
1511,Weapon
15617,Drug
4463,Weapon
3533,Violent
22226,Weapon
19162,Weapon
24659,Drug
22072,Other
16759,Property
14242,Other
18579,Other
3426,Weapon
22695,Violent
17758,Violent
123,Property
2073,Property
12813,Drug
392,Violent
4433,Violent
19970,Sex
2047,Other
1097,Drug
17369,Violent
15137,Other
7663,Violent
16314,Weapon
3836,Drug
15318,Violent
3358,Weapon
7423,Violent
9081,Drug
18076,Violent
10542,Violent
12102,Violent
23104,Violent
2478,Drug
8438,Violent
7843,Weapon
14915,Weapon
2800,Violent
20506,Weapon
15062,Weapon
15576,Weapon
3876,Drug
14448,Drug
16189,Weapon
19204,Drug
12090,Violent
14207,Sex
12772,Property
6549,Drug
4186,Weapon
16172,Violent
1770,Drug
3412,Other
16263,Drug
18776,Other
17564,Weapon
8792,Property
10527,Drug
23599,Property
14221,Drug
2222,Property
22523,Other
17605,Violent
8115,Homicide
19628,Drug
24279,Drug
15475,Other
21469,Drug
9865,Weapon
11280,Other
1672,Drug
6643,Drug
11813,Weapon
22526,Sex
2437,Weapon
7299,Drug
7899,Drug
21187,Violent
7950,Property
3461,Weapon
1525,Violent
17588,Drug
18548,Weapon
14734,Property
755,Sex
20519,Violent
22426,Property
17629,Violent
9182,Property
22296,Weapon
8947,Weapon
9532,Drug
15303,Drug
23792,Drug
21147,Violent
11622,Violent
6989,Weapon
24072,Weapon
4534,Violent
10564,Violent
3165,Drug
5018,Other
20332,Violent
6895,Violent
23801,Weapon
8070,Violent
16280,Other
1828,Property
12487,Violent
6636,Violent
5599,Drug
13447,Other
21492,Property
22209,Drug
16235,Violent
10760,Other
6515,Weapon
22179,Drug
8638,Violent
12876,Weapon
16752,Weapon
10806,Weapon
1301,Weapon
10857,Property
5639,Drug
85,Sex
20187,Violent
12622,Property
1341,Violent
19292,Drug
2785,Weapon
4725,Weapon
6021,Other
24101,Drug
18874,Violent
18115,Drug
23769,Drug
20383,Violent
24330,Drug
14020,Sex
14926,Other
6084,Drug
7393,Property
3749,Drug
14796,Weapon
14687,Weapon
11753,Drug
11874,Drug
18009,Property
19578,Drug
1072,Weapon
23763,Other
16954,Drug
12390,Property
24167,Drug
14399,Weapon
13196,Drug
15361,Violent
14748,Sex
13202,Other
19024,Drug
14327,Drug
7128,Drug
9579,Property
15747,Drug
9582,Other
21979,Property
3217,Weapon
19198,Weapon
13552,Weapon
15434,Drug
22456,Violent
17160,Violent
5358,Drug
20031,Property
7236,Violent
23774,Violent
2535,Homicide
3033,Drug
24163,Drug
12091,Drug
5248,Drug
22561,Weapon
757,Weapon
21175,Property
14788,Violent
24425,Violent
18395,Violent
1447,Violent
16634,Weapon
4610,Weapon
12627,Drug
1001,Weapon
18625,Violent
10511,Weapon
2718,Violent
20329,Violent
13723,Weapon
5078,Drug
23420,Violent
7020,Violent
21684,Violent
24413,Violent
8888,Violent
9696,Drug
2458,Drug
23579,Property
16073,Violent
15327,Drug
10053,Homicide
10717,Weapon
69,Homicide
15966,Drug
5528,Property
12741,Weapon
14605,Violent
20855,Drug
12608,Property
8720,Violent
22130,Sex
16890,Property
10040,Violent
6622,Drug
13110,Sex
9914,Property
20142,Drug
18736,Violent
11394,Drug
18987,Homicide
16642,Weapon
12652,Drug
9199,Other
14197,Other
20666,Drug
18696,Violent
20385,Property
13071,Drug
20009,Property
16234,Violent
3226,Violent
19038,Violent
14539,Weapon
442,Violent
12739,Violent
16666,Sex
19493,Property
10169,Other
24452,Drug
15768,Weapon
8811,Violent
19802,Homicide
7057,Drug
14376,Weapon
12759,Weapon
23172,Drug
21658,Drug
19615,Violent
2040,Violent
19075,Drug
10890,Drug
7419,Property
21415,Weapon
10988,Property
2097,Violent
136,Other
5428,Weapon
16206,Drug
7466,Property
20517,Drug
16202,Property
18944,Violent
7725,Violent
8729,Violent
9649,Other
6228,Drug
15633,Weapon
11538,Other
5465,Drug
21165,Weapon
10032,Violent
24243,Violent
70,Drug
20215,Other
16775,Other
775,Weapon
5501,Other
23141,Property
21798,Drug
9698,Property
23404,Property
11861,Property
13602,Drug
15245,Violent
17689,Drug
15439,Property
10530,Weapon
18677,Homicide
8236,Weapon
1277,Sex
11951,Other
19258,Weapon
5044,Drug
10688,Sex
13979,Violent
13421,Weapon
17785,Violent
15300,Weapon
17756,Weapon
7473,Drug
17445,Drug
16160,Weapon
18002,Violent
20648,Homicide
17647,Drug
15131,Violent
2298,Violent
3563,Violent
24431,Homicide
5789,Violent
1350,Violent
24368,Weapon
16901,Drug
18258,Violent
5487,Property
9186,Homicide
17675,Violent
19956,Homicide
9444,Violent
17669,Violent
7361,Property
12691,Violent
10802,Violent
16429,Drug
3115,Drug
6992,Homicide
1417,Other
9274,Violent
22271,Violent
13496,Weapon
9502,Drug
1186,Drug
14003,Drug
19657,Weapon
2331,Property
1797,Violent
14994,Homicide
4878,Property
10872,Violent
8546,Weapon
7150,Drug
15850,Drug
9964,Drug
22409,Weapon
20747,Other
14096,Weapon
12236,Weapon
4112,Weapon
23510,Drug
1821,Property
20207,Other
11528,Violent
7901,Violent
19559,Drug
19991,Violent
7174,Other
18835,Drug
556,Violent
6002,Violent
17832,Property
21323,Violent
7140,Property
16957,Violent
10312,Violent
7207,Drug
6305,Violent
7624,Drug
6110,Drug
7142,Weapon
6698,Drug
2064,Weapon
18391,Homicide
14056,Violent
23305,Property
18267,Weapon
10236,Drug
3888,Property
7091,Weapon
23471,Drug
417,Weapon
9017,Sex
10147,Property
20301,Violent
10608,Violent
5037,Drug
382,Weapon
20386,Homicide
528,Violent
6563,Drug
9886,Other
18461,Weapon
21749,Property
15767,Violent
22806,Homicide
16193,Weapon
7129,Drug
24090,Weapon
11002,Drug
18814,Other
7908,Drug
21633,Violent
604,Homicide
6994,Drug
12052,Property
6453,Weapon
584,Weapon
13468,Homicide
14675,Other
15320,Drug
10733,Violent
11233,Weapon
9939,Violent
23489,Violent
406,Sex
17018,Weapon
12057,Drug
6601,Property
20279,Violent
823,Drug
9057,Violent
12077,Drug
11577,Other
10162,Property
17279,Other
16622,Violent
8617,Property
18259,Drug
6638,Violent
15831,Violent
23637,Drug
22543,Property
8129,Drug
13856,Weapon
5472,Property
21342,Weapon
15691,Property
2670,Sex
15168,Violent
23850,Violent
16937,Violent
11366,Other
19577,Sex
23532,Violent
15834,Violent
8466,Property
13628,Drug
23518,Weapon
19825,Weapon
8706,Drug
15462,Weapon
18282,Violent
19606,Drug
23374,Drug
17210,Weapon
16788,Other
10800,Drug
7637,Violent
8934,Drug
18213,Violent
6254,Property
10027,Other
10336,Property
21570,Drug
18533,Violent
19974,Sex
13652,Drug
12392,Weapon
17919,Property
4028,Property
9652,Drug
10154,Other
5490,Other
12001,Property
7013,Violent
7995,Violent
5863,Violent
20471,Drug
461,Weapon
2278,Weapon
15008,Other
21783,Drug
10980,Violent
2502,Weapon
16815,Weapon
15481,Violent
24458,Drug
18962,Weapon
18748,Drug
14518,Violent
9958,Other
18697,Violent
21800,Drug
11038,Other
13055,Property
7732,Violent
21468,Drug
4151,Weapon
5180,Violent
1617,Weapon
12780,Drug
10375,Drug
17964,Violent
21561,Weapon
13446,Drug
9145,Other
2050,Weapon
20735,Weapon
13937,Weapon
10804,Other
23072,Drug
16582,Drug
17323,Drug
1261,Homicide
12131,Violent
1398,Violent
23714,Other
6219,Other
12152,Property
19392,Violent
8553,Property
18319,Violent
24349,Violent
13350,Weapon
6004,Property
11066,Property
12605,Homicide
8242,Property
2042,Homicide
9175,Violent
932,Violent
22327,Drug
12120,Weapon
17371,Weapon
158,Weapon
19863,Weapon
9576,Weapon
24058,Weapon
15654,Violent
7609,Violent
16938,Drug
12545,Violent
22219,Weapon
19671,Other
15132,Weapon
17813,Drug
17498,Drug
15050,Drug
2110,Weapon
8122,Homicide
21381,Violent
20275,Homicide
22366,Violent
12944,Violent
22273,Drug
6077,Property
23798,Weapon
8848,Drug
22567,Violent
6450,Violent
154,Other
14163,Other
3147,Weapon
24266,Violent
17341,Weapon
20777,Violent
11235,Weapon
18409,Other
19343,Weapon
22487,Drug
7773,Property
4326,Other
3264,Violent
18272,Violent
15937,Drug
796,Drug
15948,Drug
13200,Weapon
6678,Drug
4996,Homicide
8801,Other
3594,Violent
18914,Violent
13527,Drug
20259,Drug
16712,Drug
7394,Weapon
7903,Drug
3315,Violent
12583,Weapon
16028,Weapon
7436,Weapon
19459,Sex
8578,Weapon
12994,Drug
15423,Drug
17417,Violent
1912,Violent
4702,Property
22357,Weapon
18027,Drug
14413,Weapon
17673,Violent
21614,Drug
17218,Property
23670,Violent
17693,Violent
15025,Violent
2212,Violent
14069,Weapon
19698,Drug
6183,Weapon
22429,Drug
8878,Weapon
10264,Drug
4424,Violent
9300,Homicide
15529,Drug
490,Violent
12276,Property
2781,Other
18253,Weapon
3057,Drug
21239,Property
11836,Property
5023,Property
20453,Drug
23321,Drug
16518,Violent
14080,Property
19285,Violent
9309,Violent
18012,Drug
5288,Other
4020,Weapon
4756,Weapon
19902,Drug
4483,Weapon
16532,Drug
14706,Property
33,Sex
622,Other
15146,Weapon
21574,Other
24617,Property
17151,Drug
16462,Weapon
14477,Sex
23513,Property
8171,Drug
22218,Violent
1328,Weapon
10577,Violent
17730,Violent
4206,Drug
3940,Property
19173,Property
8413,Violent
18955,Other
14936,Drug
5131,Violent
11170,Sex
5971,Violent
21204,Drug
5492,Drug
13170,Violent
2118,Violent
543,Weapon
403,Homicide
22530,Drug
6609,Drug
15147,Weapon
11150,Other
6965,Weapon
748,Violent
894,Other
24066,Other
18896,Violent
8765,Other
24033,Drug
15615,Drug
14906,Drug
19541,Drug
10126,Violent
16826,Other
17122,Drug
4066,Other
15029,Violent
24574,Drug
19692,Drug
6023,Violent
16929,Drug
14838,Weapon
112,Weapon
5544,Other
3614,Drug
16746,Violent
1787,Homicide
67,Violent
10146,Other
17420,Drug
5481,Drug
11361,Property
8515,Drug
24316,Property
8224,Violent
21766,Violent
13642,Drug
22477,Drug
10015,Violent
20537,Property
21171,Drug
5803,Drug
16200,Violent
16837,Property
3328,Weapon
14724,Drug
13884,Property
3595,Drug
23154,Weapon
3856,Violent
2985,Weapon
6670,Drug
22494,Violent
21180,Drug
15258,Sex
19936,Weapon
4600,Weapon
2339,Drug
16184,Sex
5182,Weapon
10507,Weapon
9894,Drug
22231,Weapon
21301,Violent
21726,Drug
608,Weapon
10397,Weapon
3882,Weapon
21850,Violent
12666,Weapon
2571,Homicide
10158,Violent
7806,Weapon
10941,Property
1924,Property
2133,Violent
1216,Homicide
15918,Violent
14323,Weapon
22880,Violent
12610,Property
8402,Homicide
12413,Violent
11213,Homicide
2750,Weapon
3357,Homicide
2939,Weapon
17951,Violent
4147,Weapon
7384,Violent
17163,Property
16447,Weapon
1489,Weapon
9963,Drug
13271,Other
13516,Violent
11863,Property
8561,Weapon
11193,Sex
4807,Weapon
5991,Violent
18606,Drug
6974,Weapon
14544,Other
15818,Drug
3636,Weapon
20171,Violent
16512,Property
8558,Weapon
7010,Violent
18889,Property
8985,Drug
21877,Violent
22441,Drug
17643,Drug
9198,Weapon
658,Violent
3100,Drug
605,Homicide
4001,Violent
11020,Violent
21462,Violent
9621,Drug
6897,Other
6314,Weapon
6372,Violent
1192,Weapon
10043,Property
258,Violent
12157,Weapon
3108,Homicide
20652,Weapon
18435,Drug
10932,Sex
291,Violent
625,Drug
17777,Drug
12695,Violent
22928,Violent
24092,Other
14614,Drug
4227,Violent
18437,Violent
22032,Violent
22361,Drug
19023,Property
14348,Homicide
17281,Drug
10393,Property
14789,Violent
2443,Violent
20663,Weapon
8863,Violent
23981,Violent
12114,Sex
23656,Weapon
4684,Drug
23143,Weapon
21158,Violent
2147,Drug
14445,Violent
17606,Drug
21964,Violent
11033,Violent
2552,Violent
13866,Drug
2094,Drug
18228,Violent
6555,Sex
18913,Drug
8278,Violent
18678,Weapon
1668,Property
12540,Weapon
16527,Property
3617,Weapon
16170,Weapon
20729,Property
9596,Homicide
8338,Violent
20407,Property
9850,Violent
2974,Sex
23052,Violent
3163,Drug
12144,Violent
19703,Drug
1020,Other
19011,Drug
18753,Violent
3846,Violent
21554,Drug
10337,Violent
23886,Weapon
8380,Violent
24177,Sex
23100,Drug
11500,Drug
24341,Drug
7332,Property
1665,Weapon
12943,Other
3201,Property
9905,Weapon
20116,Sex
22055,Violent
22564,Other
11207,Drug
2756,Weapon
9195,Drug
3685,Weapon
11610,Violent
6655,Drug
21197,Drug
963,Weapon
8586,Weapon
13195,Drug
7835,Violent
21061,Property
22673,Homicide
23346,Violent
21821,Drug
14386,Weapon
10148,Drug
5089,Violent
3028,Drug
17337,Drug
8656,Drug
20604,Drug
9614,Drug
15021,Drug
22973,Drug
14728,Drug
7139,Violent
12571,Homicide
3937,Drug
24645,Drug
23979,Violent
1551,Weapon
9074,Other
24045,Other
2570,Sex
11818,Violent
7877,Drug
19909,Violent
4410,Drug
8698,Violent
5874,Drug
15467,Other
13806,Weapon
801,Weapon
20076,Violent
7543,Other
20859,Weapon
1593,Weapon
7934,Property
21776,Drug
7253,Violent
4801,Drug
6684,Violent
21412,Drug
18132,Other
3574,Violent
3160,Violent
82,Weapon
21288,Drug
21366,Violent
2495,Violent
1667,Drug
11542,Violent
4436,Property
4901,Drug
5694,Violent
21038,Property
4187,Property
18090,Weapon
6922,Violent
24561,Drug
16065,Violent
1932,Weapon
6366,Violent
22178,Drug
3628,Violent
13559,Other
5681,Sex
4412,Other
18351,Violent
12510,Weapon
23477,Weapon
9068,Violent
2071,Property
12019,Violent
22984,Weapon
1000,Weapon
5680,Weapon
16136,Violent
395,Weapon
12125,Violent
5295,Homicide
16326,Property
6377,Drug
6171,Violent
9326,Weapon
6478,Drug
23068,Drug
8900,Violent
3159,Other
15149,Property
21661,Violent
2124,Violent
6792,Weapon
